latitude,longitude,brightness,scan,track,acq_date,acq_time,satellite,confidence,version,bright_t31,frp,daynight
33.016,-79.883,302.9,1.3,1.1,2019-10-18,0340,T,52,6.0NRT,279.8,12.2,N
26.884,-101.451,311.6,1.7,1.3,2019-10-18,0520,T,83,6.0NRT,290,23.9,N
31.739,-101.797,313,1.8,1.3,2019-10-18,0520,T,86,6.0NRT,288.5,32,N
31.733,-101.803,303.9,1.8,1.3,2019-10-18,0520,T,57,6.0NRT,288.2,16.6,N
31.744,-101.805,302.9,1.8,1.3,2019-10-18,0520,T,52,6.0NRT,288.2,15.2,N
33.419,-110.859,308.8,1.1,1,2019-10-18,0520,T,76,6.0NRT,290.2,10.7,N
33.417,-110.87,325,1.1,1,2019-10-18,0520,T,100,6.0NRT,290.5,27.3,N
33.685,-109.627,310.3,1,1,2019-10-18,0520,T,60,6.0NRT,283.7,12.5,N
33.694,-109.629,312.6,1,1,2019-10-18,0520,T,85,6.0NRT,285.2,14.3,N
33.703,-109.631,305.4,1,1,2019-10-18,0520,T,64,6.0NRT,283.7,9.4,N
34.082,-110.052,308.4,1,1,2019-10-18,0520,T,40,6.0NRT,287,9.8,N
34.08,-110.063,318.8,1,1,2019-10-18,0520,T,97,6.0NRT,287.6,18.5,N
34.089,-110.065,305.5,1,1,2019-10-18,0520,T,28,6.0NRT,286.5,7.9,N
38.108,-107.593,316.7,1.1,1,2019-10-18,0520,T,83,6.0NRT,281.5,20.3,N
38.107,-107.604,334.8,1.1,1,2019-10-18,0520,T,100,6.0NRT,285.6,43.6,N
38.105,-107.616,311.2,1.1,1,2019-10-18,0520,T,66,6.0NRT,277.3,15.2,N
38.117,-107.594,346,1.1,1,2019-10-18,0520,T,100,6.0NRT,286.9,65.2,N
38.116,-107.606,377.7,1.1,1,2019-10-18,0520,T,100,6.0NRT,289.3,167,N
38.114,-107.618,321.1,1.1,1,2019-10-18,0520,T,100,6.0NRT,276.2,24.7,N
38.128,-107.584,313.2,1.1,1,2019-10-18,0520,T,87,6.0NRT,275.6,17.6,N
49.91,-115.16,303.2,1,1,2019-10-18,0525,T,54,6.0NRT,271.6,10.8,N
18.928,-70.354,323.4,1,1,2019-10-18,0625,A,100,6.0NRT,293.3,20.8,N
18.926,-70.345,314.4,1,1,2019-10-18,0625,A,89,6.0NRT,293.4,12.2,N
19.3,-92.158,308.2,1.1,1.1,2019-10-18,0800,A,40,6.0NRT,280,9.5,N
19.295,-92.165,308.7,1.1,1.1,2019-10-18,0800,A,53,6.0NRT,281.3,10.9,N
18.202,-94.004,301.6,1,1,2019-10-18,0800,A,25,6.0NRT,283.4,4.9,N
34.088,-110.056,302.8,1.5,1.2,2019-10-18,0935,A,52,6.0NRT,284.1,15,N
41.693,-70.138,305.9,1,1,2019-10-18,1540,T,54,6.0NRT,286.9,8.3,D
18.928,-70.339,311.7,2.3,1.5,2019-10-18,1550,T,29,6.0NRT,298.1,12.2,D
18.93,-70.345,312.8,2.3,1.5,2019-10-18,1550,T,60,6.0NRT,298.8,16.3,D
36.145,-77.933,313.8,1.5,1.2,2019-10-18,1545,T,74,6.0NRT,290,21.6,D
36.141,-77.94,305.2,1.5,1.2,2019-10-18,1545,T,57,6.0NRT,289.7,10,D
36.139,-77.924,304.9,1.5,1.2,2019-10-18,1545,T,54,6.0NRT,289.8,9.5,D
36.101,-80.894,314.8,2.2,1.4,2019-10-18,1545,T,75,6.0NRT,291.4,41.6,D
36.099,-80.869,302,2.2,1.4,2019-10-18,1545,T,50,6.0NRT,291.3,12.4,D
34.431,-80.097,302.4,1.9,1.3,2019-10-18,1545,T,52,6.0NRT,292.1,8.7,D
34.438,-80.104,306.1,1.9,1.3,2019-10-18,1545,T,63,6.0NRT,292.3,15,D
34.218,-82.803,309.7,2.8,1.6,2019-10-18,1545,T,60,6.0NRT,290.3,40.3,D
34.216,-82.773,325.1,2.8,1.6,2019-10-18,1545,T,0,6.0NRT,291.3,102,D
34.214,-82.779,328.2,2.8,1.6,2019-10-18,1545,T,65,6.0NRT,290.9,118.1,D
33.945,-82.179,319.8,2.5,1.5,2019-10-18,1545,T,80,6.0NRT,290.4,69,D
33.943,-82.152,303,2.5,1.5,2019-10-18,1545,T,55,6.0NRT,289.1,20.4,D
33.307,-80.703,310.5,2,1.4,2019-10-18,1545,T,70,6.0NRT,292.1,22.2,D
33.304,-80.709,306.5,2,1.4,2019-10-18,1545,T,64,6.0NRT,292.1,16.3,D
44.674,-93.591,300.4,1,1,2019-10-18,1720,T,36,6.0NRT,287.7,4.4,D
38.625,-96.187,369.1,1,1,2019-10-18,1720,T,100,6.0NRT,298.7,113,D
38.624,-96.175,324.9,1,1,2019-10-18,1720,T,82,6.0NRT,294.6,21,D
38.044,-94.874,306.2,1.1,1,2019-10-18,1720,T,62,6.0NRT,293.8,6,D
37.152,-92.864,300.7,1.4,1.2,2019-10-18,1720,T,41,6.0NRT,285.3,6.7,D
37.236,-93.551,302,1.3,1.1,2019-10-18,1720,T,50,6.0NRT,291.5,4.6,D
37.199,-94.22,306.5,1.2,1.1,2019-10-18,1720,T,64,6.0NRT,293.9,6.8,D
37.196,-94.207,307.2,1.2,1.1,2019-10-18,1720,T,65,6.0NRT,293.7,7.5,D
36.965,-93.951,309.8,1.2,1.1,2019-10-18,1720,T,69,6.0NRT,292.8,10.6,D
36.341,-92.437,306.4,1.5,1.2,2019-10-18,1720,T,63,6.0NRT,292.4,10.4,D
36.335,-92.427,303.6,1.5,1.2,2019-10-18,1720,T,56,6.0NRT,291.8,7.1,D
35.448,-91.259,329.7,1.8,1.3,2019-10-18,1720,T,86,6.0NRT,296.5,59.2,D
35.454,-91.264,327.9,1.8,1.3,2019-10-18,1720,T,85,6.0NRT,296.3,53.2,D
35.45,-91.244,309.9,1.8,1.3,2019-10-18,1720,T,56,6.0NRT,296.5,12.2,D
35.423,-91.294,310.6,1.8,1.3,2019-10-18,1720,T,52,6.0NRT,295.1,13.5,D
35.42,-91.275,310.2,1.8,1.3,2019-10-18,1720,T,48,6.0NRT,297.1,11,D
35.081,-90.851,304.2,2,1.4,2019-10-18,1720,T,51,6.0NRT,292.5,10,D
35.077,-90.83,308.8,2,1.4,2019-10-18,1720,T,68,6.0NRT,294.6,19.5,D
35.086,-90.833,308.2,2,1.4,2019-10-18,1720,T,67,6.0NRT,294.9,18.6,D
34.526,-88.771,300.2,2.8,1.6,2019-10-18,1720,T,16,6.0NRT,290,14.5,D
34.516,-88.749,300.2,2.8,1.6,2019-10-18,1720,T,24,6.0NRT,289.5,14.8,D
34.83,-93.145,324.9,1.5,1.2,2019-10-18,1720,T,83,6.0NRT,292.2,39.1,D
34.819,-93.148,305.3,1.5,1.2,2019-10-18,1720,T,17,6.0NRT,290.6,9.2,D
34.751,-92.849,301.6,1.5,1.2,2019-10-18,1720,T,45,6.0NRT,291.4,6.9,D
34.747,-92.833,321.1,1.5,1.2,2019-10-18,1720,T,80,6.0NRT,292.9,34.2,D
34.746,-92.839,321.9,1.5,1.2,2019-10-18,1720,T,81,6.0NRT,292.7,33.6,D
34.325,-92.946,305.8,1.5,1.2,2019-10-18,1720,T,29,6.0NRT,292.6,9.4,D
34.375,-93.268,308.1,1.5,1.2,2019-10-18,1720,T,66,6.0NRT,292.2,13.2,D
34.314,-92.949,309.1,1.5,1.2,2019-10-18,1720,T,68,6.0NRT,291.8,14.1,D
34.311,-92.933,309.8,1.5,1.2,2019-10-18,1720,T,69,6.0NRT,292.4,15.1,D
34.198,-94.261,303.9,1.3,1.1,2019-10-18,1725,T,57,6.0NRT,292.3,6.6,D
34.543,-97.491,310.5,1,1,2019-10-18,1725,T,62,6.0NRT,297.2,6,D
34.515,-97.307,313.8,1,1,2019-10-18,1725,T,69,6.0NRT,299.9,7.5,D
33.704,-96.001,332,1.1,1.1,2019-10-18,1725,T,87,6.0NRT,296.4,32.6,D
33.702,-95.989,327.3,1.1,1.1,2019-10-18,1725,T,83,6.0NRT,297.6,25.8,D
33.151,-94.306,337.1,1.4,1.2,2019-10-18,1725,T,90,6.0NRT,293.7,57.6,D
33.148,-94.292,319.4,1.4,1.2,2019-10-18,1725,T,79,6.0NRT,293.8,24.2,D
33.154,-94.311,317.2,1.4,1.2,2019-10-18,1725,T,76,6.0NRT,293,20.6,D
33.152,-94.297,327.1,1.4,1.2,2019-10-18,1725,T,84,6.0NRT,294.4,36.9,D
32.707,-93.749,304.1,1.5,1.2,2019-10-18,1725,T,48,6.0NRT,293.7,6.3,D
32.615,-95.942,311.4,1.1,1.1,2019-10-18,1725,T,65,6.0NRT,296,8.3,D
32.314,-95.221,319.1,1.3,1.1,2019-10-18,1725,T,77,6.0NRT,293.7,20.8,D
31.355,-96.171,309.6,1.2,1.1,2019-10-18,1725,T,57,6.0NRT,298.5,5.4,D
31.255,-97.292,314.2,1.1,1,2019-10-18,1725,T,65,6.0NRT,301.3,7.2,D
30.911,-95.935,319.6,1.2,1.1,2019-10-18,1725,T,76,6.0NRT,297.1,16.5,D
31.083,-97.773,319.9,1,1,2019-10-18,1725,T,51,6.0NRT,301.6,9.3,D
30.57,-94.768,321.1,1.4,1.2,2019-10-18,1725,T,79,6.0NRT,292.6,27.4,D
31.074,-97.775,320.2,1,1,2019-10-18,1725,T,66,6.0NRT,298.7,10.3,D
31.072,-97.764,321.1,1,1,2019-10-18,1725,T,72,6.0NRT,300.5,11.5,D
30.559,-94.771,339,1.4,1.2,2019-10-18,1725,T,91,6.0NRT,294,64.9,D
30.546,-94.759,319.4,1.4,1.2,2019-10-18,1725,T,53,6.0NRT,292.2,23.6,D
30.542,-94.766,315.5,1.4,1.2,2019-10-18,1725,T,73,6.0NRT,292.1,19.6,D
30.666,-95.768,334,1.2,1.1,2019-10-18,1725,T,88,6.0NRT,296.7,43.1,D
30.656,-95.771,307.3,1.2,1.1,2019-10-18,1725,T,50,6.0NRT,295.1,6.9,D
30.033,-98.271,314.7,1,1,2019-10-18,1725,T,59,6.0NRT,300.3,7.5,D
30.031,-98.261,349.6,1,1,2019-10-18,1725,T,95,6.0NRT,301.4,57.9,D
31.026,-110.226,313.9,4,1.9,2019-10-18,1725,T,52,6.0NRT,291.3,61.8,D
29.444,-100.072,332.3,1,1,2019-10-18,1725,T,85,6.0NRT,298.9,27,D
29.435,-100.073,312.8,1,1,2019-10-18,1725,T,57,6.0NRT,298.1,6.5,D
28.613,-99.93,310.8,1,1,2019-10-18,1725,T,41,6.0NRT,297.9,4.2,D
28.484,-99.811,344.7,1,1,2019-10-18,1725,T,92,6.0NRT,300.7,44.8,D
28.483,-99.801,317.9,1,1,2019-10-18,1725,T,67,6.0NRT,299.3,8.7,D
28.387,-99.529,316.6,1,1,2019-10-18,1725,T,64,6.0NRT,300,8.5,D
27.884,-98.017,323,1.1,1,2019-10-18,1725,T,72,6.0NRT,303.9,11.6,D
27.882,-98.006,318.9,1.1,1,2019-10-18,1725,T,57,6.0NRT,303.2,7.2,D
27.451,-98.023,329,1.1,1,2019-10-18,1725,T,80,6.0NRT,304.1,20.7,D
27.442,-98.025,326.8,1.1,1,2019-10-18,1725,T,77,6.0NRT,306.5,16.6,D
27.44,-98.014,327.1,1.1,1,2019-10-18,1725,T,78,6.0NRT,304,16.7,D
26.886,-101.452,323.4,1,1,2019-10-18,1725,T,76,6.0NRT,303.6,13,D
26.88,-101.411,321.8,1,1,2019-10-18,1725,T,73,6.0NRT,302.8,11.6,D
26.476,-99.767,321.5,1,1,2019-10-18,1725,T,69,6.0NRT,303.4,10.1,D
26.378,-99.73,320.3,1,1,2019-10-18,1725,T,65,6.0NRT,301.4,8.6,D
25.99,-99.186,322.5,1,1,2019-10-18,1725,T,71,6.0NRT,302.5,9.8,D
25.981,-99.188,319.5,1,1,2019-10-18,1725,T,57,6.0NRT,303.4,6.7,D
25.96,-99.592,317.9,1,1,2019-10-18,1725,T,59,6.0NRT,301.2,7.4,D
25.716,-100.295,326.9,1,1,2019-10-18,1725,T,77,6.0NRT,304.7,12.7,D
25.181,-99.872,313.7,1,1,2019-10-18,1725,T,54,6.0NRT,300,6.3,D
24.797,-99.238,324.9,1,1,2019-10-18,1725,T,53,6.0NRT,307.8,14.1,D
24.79,-99.25,324.4,1,1,2019-10-18,1725,T,75,6.0NRT,304.5,12.7,D
24.788,-99.24,323.2,1,1,2019-10-18,1725,T,73,6.0NRT,306.1,12.2,D
22.737,-97.864,314.1,1.3,1.1,2019-10-18,1725,T,62,6.0NRT,294.7,9.2,D
20.513,-97.475,329.5,1.5,1.2,2019-10-18,1725,T,80,6.0NRT,287.8,38.9,D
20.579,-100.084,312.5,1.1,1,2019-10-18,1725,T,57,6.0NRT,295.1,5.4,D
20.574,-100.527,312.7,1,1,2019-10-18,1725,T,34,6.0NRT,294.5,4.5,D
17.892,-93.169,313.2,3.4,1.7,2019-10-18,1725,T,69,6.0NRT,277.1,50.9,D
18.121,-88.764,320.2,1.8,1.3,2019-10-18,1855,A,77,6.0NRT,294.8,29.8,D
17.881,-93.198,315.2,3.9,1.8,2019-10-18,1855,A,74,6.0NRT,285.2,65.2,D
17.895,-93.171,314.4,3.9,1.8,2019-10-18,1855,A,73,6.0NRT,285.4,60.2,D
17.887,-93.207,314.2,3.9,1.8,2019-10-18,1855,A,73,6.0NRT,285.6,59.9,D
49.205,-120.347,319,1.1,1,2019-10-18,1900,T,79,6.0NRT,277,22.4,D
49.203,-120.333,390.1,1.1,1,2019-10-18,1900,T,94,6.0NRT,281.4,222.1,D
49.201,-120.318,336.5,1.1,1,2019-10-18,1900,T,74,6.0NRT,277,43.2,D
49.194,-120.335,312.4,1.1,1,2019-10-18,1900,T,43,6.0NRT,272.7,14.1,D
49.192,-120.32,325.4,1.1,1,2019-10-18,1900,T,71,6.0NRT,273.3,26.9,D
49.181,-120.309,368,1.1,1,2019-10-18,1900,T,100,6.0NRT,279,121.3,D
49.179,-120.295,339.6,1.1,1,2019-10-18,1900,T,92,6.0NRT,273.5,48.7,D
49.17,-120.297,354.7,1.1,1,2019-10-18,1900,T,98,6.0NRT,277.1,83,D
49.169,-120.283,302.5,1.1,1,2019-10-18,1900,T,26,6.0NRT,277,7.7,D
48.572,-116.311,308.2,1,1,2019-10-18,1900,T,58,6.0NRT,276.3,12.7,D
48.57,-116.298,329.7,1,1,2019-10-18,1900,T,0,6.0NRT,274.4,34.3,D
48.424,-116.328,304.2,1,1,2019-10-18,1900,T,54,6.0NRT,273.2,9.8,D
48.382,-116.755,300.4,1,1,2019-10-18,1900,T,34,6.0NRT,268.7,7.2,D
48.38,-116.741,305.6,1,1,2019-10-18,1900,T,58,6.0NRT,268.9,10.6,D
48.503,-117.637,329.5,1,1,2019-10-18,1900,T,78,6.0NRT,271.4,32.4,D
48.5,-117.624,315.2,1,1,2019-10-18,1900,T,63,6.0NRT,270.9,17.6,D
47.975,-116.831,305.1,1,1,2019-10-18,1900,T,61,6.0NRT,279.9,9.4,D
47.899,-116.821,305.3,1,1,2019-10-18,1900,T,41,6.0NRT,277.7,9,D
47.907,-117.046,300.3,1,1,2019-10-18,1900,T,32,6.0NRT,277,7.3,D
47.856,-116.908,386.5,1,1,2019-10-18,1900,T,94,6.0NRT,282.9,192.8,D
47.854,-116.894,380.6,1,1,2019-10-18,1900,T,94,6.0NRT,283.5,166.1,D
46.692,-116.36,335.6,1.1,1,2019-10-18,1900,T,0,6.0NRT,267,44.8,D
46.591,-119.067,301.9,1,1,2019-10-18,1900,T,33,6.0NRT,279.8,7.1,D
46.089,-116.487,320.4,1.1,1,2019-10-18,1900,T,80,6.0NRT,274.9,25.2,D
45.36,-121.242,303.2,1,1,2019-10-18,1900,T,52,6.0NRT,287.4,6.5,D
45.358,-121.229,347.7,1,1,2019-10-18,1900,T,95,6.0NRT,288.1,62,D
44.769,-123.41,317.1,1.2,1.1,2019-10-18,1900,T,73,6.0NRT,280,19.9,D
44.768,-123.417,316.3,1.2,1.1,2019-10-18,1900,T,58,6.0NRT,278.3,20.5,D
44.695,-123.478,300,1.2,1.1,2019-10-18,1900,T,8,6.0NRT,281.2,6.5,D
44.626,-123.5,319.6,1.2,1.1,2019-10-18,1900,T,75,6.0NRT,274.4,24,D
44.118,-119.636,304.6,1,1,2019-10-18,1900,T,51,6.0NRT,280.1,8,D
44.378,-122.621,317.1,1.1,1.1,2019-10-18,1900,T,71,6.0NRT,277.7,19,D
44.367,-122.61,312.2,1.1,1.1,2019-10-18,1900,T,59,6.0NRT,278.6,14.3,D
44.312,-122.756,306.3,1.1,1.1,2019-10-18,1900,T,60,6.0NRT,280.6,10.5,D
44.271,-122.58,315.7,1.1,1,2019-10-18,1900,T,0,6.0NRT,275.9,18.7,D
43.762,-121.416,311.1,1,1,2019-10-18,1900,T,54,6.0NRT,275.8,14,D
43.76,-121.403,332.6,1,1,2019-10-18,1900,T,0,6.0NRT,276.3,36.7,D
43.722,-123.266,304.8,1.2,1.1,2019-10-18,1900,T,56,6.0NRT,276,9,D
43.72,-123.252,302.2,1.2,1.1,2019-10-18,1900,T,47,6.0NRT,277.4,7,D
43.615,-123.47,300.6,1.2,1.1,2019-10-18,1900,T,30,6.0NRT,277,6.9,D
43.581,-123.433,307.3,1.2,1.1,2019-10-18,1900,T,27,6.0NRT,278.1,9.7,D
43.579,-123.44,315.2,1.2,1.1,2019-10-18,1900,T,71,6.0NRT,279.6,18.1,D
42.968,-121.407,326.2,1,1,2019-10-18,1900,T,64,6.0NRT,276,28.1,D
41.441,-121.504,312.6,1,1,2019-10-18,1900,T,41,6.0NRT,280.5,11.4,D
41.434,-121.518,338.6,1,1,2019-10-18,1900,T,91,6.0NRT,282.9,40.8,D
41.432,-121.507,365.5,1,1,2019-10-18,1900,T,100,6.0NRT,286.6,102.4,D
41.425,-121.521,321.7,1,1,2019-10-18,1900,T,76,6.0NRT,285.5,19.8,D
41.423,-121.509,340.8,1,1,2019-10-18,1900,T,92,6.0NRT,286.2,45.8,D
41.416,-121.523,357.9,1,1,2019-10-18,1900,T,99,6.0NRT,286.8,81.9,D
41.414,-121.511,353.3,1,1,2019-10-18,1900,T,97,6.0NRT,286.6,70.5,D
39.775,-121.926,309.4,1,1,2019-10-18,1900,T,56,6.0NRT,297,5.1,D
39.773,-121.914,327.7,1,1,2019-10-18,1900,T,85,6.0NRT,297.4,22,D
39.732,-122.206,309.3,1,1,2019-10-18,1900,T,56,6.0NRT,296.8,4.5,D
39.247,-121.595,311.3,1,1,2019-10-18,1900,T,71,6.0NRT,296.7,7.3,D
39.208,-121.64,312.4,1,1,2019-10-18,1900,T,72,6.0NRT,295.5,7.6,D
39.206,-121.628,317,1,1,2019-10-18,1900,T,77,6.0NRT,293.9,11.4,D
39.072,-121.661,317.7,1,1,2019-10-18,1900,T,77,6.0NRT,296.6,11.7,D
39.07,-121.649,311.5,1,1,2019-10-18,1900,T,70,6.0NRT,296.1,6.6,D
39.037,-121.669,329,1,1,2019-10-18,1900,T,85,6.0NRT,297.4,22.4,D
39.035,-121.658,310.7,1,1,2019-10-18,1900,T,43,6.0NRT,295.4,5.2,D
39.028,-121.671,315.3,1,1,2019-10-18,1900,T,71,6.0NRT,296.2,8.8,D
38.99,-121.792,317.7,1,1,2019-10-18,1900,T,77,6.0NRT,299.8,9.1,D
38.988,-121.781,328.8,1,1,2019-10-18,1900,T,85,6.0NRT,301.1,20.6,D
38.698,-120.133,306.6,1,1,2019-10-18,1900,T,47,6.0NRT,283.5,7.8,D
38.635,-121.584,314.3,1,1,2019-10-18,1900,T,62,6.0NRT,299.4,6.8,D
36.225,-120.489,321.5,1.1,1,2019-10-18,1900,T,72,6.0NRT,293.5,13.1,D
36.223,-120.477,331,1.1,1,2019-10-18,1900,T,85,6.0NRT,297.1,24.8,D
29.889,-91.592,310.9,1.7,1.3,2019-10-18,1900,A,66,6.0NRT,293.5,13.5,D
29.888,-91.599,311.5,1.7,1.3,2019-10-18,1900,A,67,6.0NRT,293.4,15.9,D
30.157,-91.017,307.6,1.5,1.2,2019-10-18,1900,A,0,6.0NRT,293.5,7.4,D
30.177,-91.174,322.6,1.5,1.2,2019-10-18,1900,A,61,6.0NRT,293,31.8,D
30.174,-91.19,318.4,1.5,1.2,2019-10-18,1900,A,72,6.0NRT,292.4,24.8,D
30.539,-94.771,309.6,2.6,1.6,2019-10-18,1900,A,63,6.0NRT,291.9,28.9,D
30.552,-94.775,311,2.6,1.6,2019-10-18,1900,A,59,6.0NRT,292.3,31.6,D
30.545,-94.78,307.5,2.6,1.6,2019-10-18,1900,A,23,6.0NRT,291.8,21,D
30.558,-94.783,306,2.6,1.6,2019-10-18,1900,A,34,6.0NRT,292.2,18.3,D
31.107,-92.956,304.3,1.9,1.4,2019-10-18,1900,A,53,6.0NRT,292.6,11.3,D
30.667,-95.767,307.4,3,1.7,2019-10-18,1900,A,54,6.0NRT,293.8,22.3,D
31.501,-93.263,303.4,2,1.4,2019-10-18,1900,A,47,6.0NRT,292.2,11,D
31.497,-93.283,303.8,2,1.4,2019-10-18,1900,A,49,6.0NRT,293,11.3,D
31.504,-93.269,306.6,2,1.4,2019-10-18,1900,A,60,6.0NRT,292.3,15.1,D
32.012,-91.75,306.5,1.5,1.2,2019-10-18,1900,A,51,6.0NRT,295.1,7.7,D
32.023,-91.753,307.3,1.5,1.2,2019-10-18,1900,A,61,6.0NRT,296.1,8.8,D
31.979,-92.598,308.8,1.7,1.3,2019-10-18,1900,A,67,6.0NRT,292.2,16.3,D
31.975,-92.616,325,1.7,1.3,2019-10-18,1900,A,83,6.0NRT,293.2,49,D
32.709,-93.753,308.6,2,1.4,2019-10-18,1900,A,56,6.0NRT,295.8,18,D
32.711,-93.758,307.8,2,1.4,2019-10-18,1900,A,49,6.0NRT,295.9,14.8,D
32.99,-92.967,310.1,1.7,1.3,2019-10-18,1900,A,69,6.0NRT,294.1,19.6,D
32.986,-92.985,307.8,1.8,1.3,2019-10-18,1900,A,65,6.0NRT,292.5,16,D
33.836,-90.464,315.2,1.2,1.1,2019-10-18,1900,A,75,6.0NRT,300.5,10.7,D
33.834,-90.477,318.1,1.2,1.1,2019-10-18,1900,A,78,6.0NRT,301,13.9,D
33.145,-94.298,327.9,2.1,1.4,2019-10-18,1900,A,85,6.0NRT,294.5,74.3,D
33.141,-94.32,314,2.1,1.4,2019-10-18,1900,A,72,6.0NRT,293.3,33.7,D
33.724,-93.399,308.9,1.8,1.3,2019-10-18,1900,A,65,6.0NRT,293.2,17.3,D
33.719,-93.402,310.3,1.8,1.3,2019-10-18,1900,A,67,6.0NRT,293,19.2,D
34.192,-90.969,311.5,1.3,1.1,2019-10-18,1900,A,70,6.0NRT,298.8,7.4,D
33.391,-95.352,307.4,2.4,1.5,2019-10-18,1900,A,43,6.0NRT,295.7,16,D
34.791,-88.651,311.6,1,1,2019-10-18,1900,A,71,6.0NRT,290,10.9,D
34.789,-88.662,311.5,1,1,2019-10-18,1900,A,71,6.0NRT,289.6,10.6,D
34.32,-91.464,337.7,1.3,1.1,2019-10-18,1900,A,90,6.0NRT,299.1,55.7,D
34.318,-91.478,311.6,1.3,1.1,2019-10-18,1900,A,69,6.0NRT,296.9,10.5,D
34.33,-91.467,325.5,1.3,1.1,2019-10-18,1900,A,83,6.0NRT,298.5,30.1,D
34.373,-91.455,308.6,1.3,1.1,2019-10-18,1900,A,49,6.0NRT,296.3,8.3,D
34.336,-91.717,312.8,1.4,1.2,2019-10-18,1900,A,50,6.0NRT,297.3,13.4,D
34.333,-91.732,317.7,1.4,1.2,2019-10-18,1900,A,77,6.0NRT,298.5,19.3,D
34.359,-92.27,318.7,1.5,1.2,2019-10-18,1900,A,78,6.0NRT,292.6,28.4,D
34.369,-92.273,327.7,1.5,1.2,2019-10-18,1900,A,85,6.0NRT,292.6,44.1,D
34.314,-92.939,310.9,1.6,1.3,2019-10-18,1900,A,69,6.0NRT,293.9,18.3,D
36.032,-80.501,305.1,2,1.4,2019-10-18,1900,A,61,6.0NRT,294.1,12.1,D
33.694,-95.984,308.2,2.6,1.6,2019-10-18,1900,A,61,6.0NRT,296.3,22.8,D
33.688,-96.011,311.5,2.6,1.6,2019-10-18,1900,A,68,6.0NRT,296,31.4,D
34.365,-93.273,311.8,1.7,1.3,2019-10-18,1900,A,70,6.0NRT,293.1,21.6,D
35.566,-87.606,301.8,1,1,2019-10-18,1900,A,40,6.0NRT,288.6,3.9,D
35.575,-87.608,304.5,1,1,2019-10-18,1900,A,59,6.0NRT,289,5.2,D
35.082,-90.84,325.3,1.2,1.1,2019-10-18,1900,A,82,6.0NRT,297.2,27.5,D
35.08,-90.853,312.8,1.2,1.1,2019-10-18,1900,A,70,6.0NRT,294.9,11.8,D
35.153,-90.484,345.5,1.2,1.1,2019-10-18,1900,A,94,6.0NRT,301.1,61.2,D
35.151,-90.497,361.7,1.2,1.1,2019-10-18,1900,A,100,6.0NRT,304.4,108.5,D
34.741,-92.834,317.3,1.6,1.2,2019-10-18,1900,A,77,6.0NRT,294.7,27.9,D
34.738,-92.851,305.9,1.6,1.2,2019-10-18,1900,A,61,6.0NRT,293.9,11.4,D
34.915,-92.345,303.4,1.5,1.2,2019-10-18,1900,A,45,6.0NRT,293.3,6.5,D
35.141,-91.207,309,1.3,1.1,2019-10-18,1900,A,65,6.0NRT,296.5,8.6,D
34.82,-93.156,310.5,1.6,1.3,2019-10-18,1900,A,70,6.0NRT,292.8,19.7,D
36.03,-86.37,302.8,1,1,2019-10-18,1900,A,53,6.0NRT,288.4,4,D
35.413,-90.768,310.3,1.2,1.1,2019-10-18,1900,A,63,6.0NRT,297.5,7.9,D
35.452,-90.906,308.5,1.2,1.1,2019-10-18,1900,A,58,6.0NRT,297.2,6.4,D
35.427,-91.288,320.4,1.3,1.1,2019-10-18,1900,A,54,6.0NRT,299.3,16.3,D
35.425,-91.302,330.2,1.3,1.1,2019-10-18,1900,A,86,6.0NRT,299,32.6,D
35.426,-91.293,328.1,1.3,1.1,2019-10-18,1900,A,80,6.0NRT,299.3,28,D
35.424,-91.307,322.4,1.3,1.1,2019-10-18,1900,A,57,6.0NRT,298.4,19.6,D
35.441,-91.269,326.8,1.3,1.1,2019-10-18,1900,A,79,6.0NRT,298.4,25.7,D
35.438,-91.282,331.4,1.3,1.1,2019-10-18,1900,A,78,6.0NRT,301.2,33.2,D
35.515,-90.901,308.1,1.2,1.1,2019-10-18,1900,A,34,6.0NRT,297,6.1,D
35.575,-90.903,319.6,1.2,1.1,2019-10-18,1900,A,78,6.0NRT,296.7,17.5,D
35.585,-90.906,311.5,1.2,1.1,2019-10-18,1900,A,60,6.0NRT,295.5,8.1,D
35.668,-91.442,306.2,1.3,1.1,2019-10-18,1900,A,49,6.0NRT,296,5.4,D
36.637,-86.584,304.7,1,1,2019-10-18,1900,A,52,6.0NRT,292.9,3,D
36.542,-89.233,313.8,1,1,2019-10-18,1900,A,47,6.0NRT,294.7,10.2,D
36.54,-89.245,401.3,1,1,2019-10-18,1900,A,100,6.0NRT,305.9,270.7,D
36.538,-89.256,356.3,1,1,2019-10-18,1900,A,98,6.0NRT,301.2,76,D
36.549,-89.247,363.5,1,1,2019-10-18,1900,A,100,6.0NRT,301.7,97.8,D
36.547,-89.258,314.8,1,1,2019-10-18,1900,A,13,6.0NRT,298.3,9.2,D
36.305,-90.862,322.1,1.2,1.1,2019-10-18,1900,A,72,6.0NRT,292.7,19.8,D
36.303,-90.874,338.4,1.2,1.1,2019-10-18,1900,A,91,6.0NRT,296,47.2,D
36.315,-90.864,315.1,1.2,1.1,2019-10-18,1900,A,29,6.0NRT,292.7,11.4,D
36.821,-89.167,306.5,1,1,2019-10-18,1900,A,37,6.0NRT,295.4,5.6,D
36.824,-90.148,307.1,1.1,1,2019-10-18,1900,A,56,6.0NRT,295.3,4.2,D
36.83,-90.156,305.6,1.1,1,2019-10-18,1900,A,59,6.0NRT,295.2,4.3,D
37.419,-86.582,306.9,1,1,2019-10-18,1900,A,62,6.0NRT,294.6,6.4,D
36.765,-91.908,304,1.3,1.1,2019-10-18,1900,A,58,6.0NRT,294,6.1,D
37.878,-85.788,304.7,1.1,1,2019-10-18,1900,A,59,6.0NRT,290.3,7.4,D
37.876,-85.8,300.8,1.1,1,2019-10-18,1900,A,37,6.0NRT,289.8,5,D
37.845,-86.761,308.1,1,1,2019-10-18,1900,A,66,6.0NRT,293.8,7.8,D
38.044,-88.405,323.4,1,1,2019-10-18,1900,A,82,6.0NRT,291.8,19.7,D
37.907,-92.463,305.1,1.3,1.1,2019-10-18,1900,A,61,6.0NRT,292.7,7.5,D
37.904,-92.477,305.8,1.3,1.1,2019-10-18,1900,A,62,6.0NRT,293.2,8.2,D
38.615,-96.181,309.1,2,1.4,2019-10-18,1900,A,61,6.0NRT,295.2,19.5,D
41.453,-81.675,302.4,2,1.4,2019-10-18,1900,A,52,6.0NRT,290.8,10.3,D
40.576,-93.18,302.8,1.3,1.1,2019-10-18,1900,A,54,6.0NRT,292.6,5.7,D
41.636,-87.147,305,1.1,1,2019-10-18,1900,A,0,6.0NRT,282.8,8.3,D
41.646,-95.927,309.1,1.7,1.3,2019-10-18,1900,A,64,6.0NRT,293.6,14.7,D
41.644,-95.931,306.7,1.7,1.3,2019-10-18,1900,A,58,6.0NRT,293.6,10.7,D
42.055,-96.903,308,1.8,1.3,2019-10-18,1900,A,62,6.0NRT,294.7,11.9,D
42.05,-96.925,321.1,1.8,1.3,2019-10-18,1900,A,79,6.0NRT,295.3,38,D
44.836,-92.869,303.1,1.1,1,2019-10-18,1900,A,32,6.0NRT,289.3,5.1,D
44.841,-92.876,317.3,1.1,1,2019-10-18,1900,A,59,6.0NRT,289.7,17.4,D
45.059,-93.901,304.7,1.1,1.1,2019-10-18,1905,A,56,6.0NRT,289.5,7.5,D
45.056,-93.915,301.1,1.1,1.1,2019-10-18,1905,A,45,6.0NRT,289.8,5,D
45.456,-93.281,305.4,1.1,1,2019-10-18,1905,A,61,6.0NRT,286.3,9,D
46.689,-94.748,332.7,1.2,1.1,2019-10-18,1905,A,88,6.0NRT,287.5,41.7,D
46.686,-94.763,321.5,1.2,1.1,2019-10-18,1905,A,81,6.0NRT,284.9,25.4,D
19.768,-156.035,319.1,1.6,1.2,2019-10-18,2045,T,0,6.0NRT,300.7,20.3,D
26.278,-111.524,324.3,1.1,1,2019-10-18,2035,A,51,6.0NRT,311.8,5.3,D
26.277,-111.535,336.8,1.1,1,2019-10-18,2035,A,85,6.0NRT,314.6,23.1,D
28.477,-99.828,314.9,3.8,1.8,2019-10-18,2035,A,53,6.0NRT,297.8,41.9,D
28.482,-99.833,313.8,3.8,1.8,2019-10-18,2035,A,41,6.0NRT,297.8,35,D
30.496,-109.63,314.5,1,1,2019-10-18,2035,A,42,6.0NRT,296.7,8.5,D
31.024,-110.224,326.8,1,1,2019-10-18,2035,A,79,6.0NRT,303.8,16.9,D
31.87,-110.22,316.3,1,1,2019-10-18,2040,A,60,6.0NRT,301.4,6.3,D
31.869,-110.231,315.7,1,1,2019-10-18,2040,A,57,6.0NRT,302.8,5.8,D
33.072,-112.15,323.5,1,1,2019-10-18,2040,A,61,6.0NRT,311.5,7.2,D
33.411,-110.868,318,1,1,2019-10-18,2040,A,65,6.0NRT,301.9,7.2,D
34.265,-110.331,322.2,1.1,1,2019-10-18,2040,A,77,6.0NRT,297.6,17.5,D
34.447,-112.47,321.4,1,1,2019-10-18,2040,A,72,6.0NRT,294.1,16.4,D
34.455,-112.477,325,1,1,2019-10-18,2040,A,76,6.0NRT,296.8,19.6,D
34.454,-112.488,317.6,1,1,2019-10-18,2040,A,64,6.0NRT,296.2,11.7,D
35.283,-112.24,328.6,1,1,2019-10-18,2040,A,81,6.0NRT,296.9,22.7,D
38.937,-112.818,303.9,1,1,2019-10-18,2040,A,51,6.0NRT,291.9,3.6,D
39.028,-121.672,307.7,2.2,1.4,2019-10-18,2040,A,63,6.0NRT,296.1,12.9,D
39.21,-121.639,305.8,2.2,1.4,2019-10-18,2040,A,51,6.0NRT,294.9,10.3,D
39.334,-121.749,311.5,2.2,1.4,2019-10-18,2040,A,69,6.0NRT,296.2,21.8,D
39.346,-121.754,313,2.2,1.4,2019-10-18,2040,A,72,6.0NRT,294.2,24.8,D
39.355,-121.837,308.4,2.2,1.4,2019-10-18,2040,A,51,6.0NRT,297.4,16.6,D
39.354,-121.843,309.6,2.2,1.4,2019-10-18,2040,A,68,6.0NRT,297.8,19,D
39.378,-122.041,326.1,2.3,1.5,2019-10-18,2040,A,84,6.0NRT,296.4,67.8,D
39.351,-122.225,314.7,2.3,1.5,2019-10-18,2040,A,75,6.0NRT,295.7,31.1,D
39.457,-121.802,314.7,2.2,1.4,2019-10-18,2040,A,75,6.0NRT,294.7,28.5,D
39.452,-121.827,314.1,2.2,1.4,2019-10-18,2040,A,74,6.0NRT,294.9,28.3,D
39.347,-122.229,318.8,2.3,1.5,2019-10-18,2040,A,79,6.0NRT,296.5,41.6,D
39.456,-121.806,320.8,2.2,1.4,2019-10-18,2040,A,80,6.0NRT,295.1,44.4,D
39.451,-121.831,309.8,2.2,1.4,2019-10-18,2040,A,54,6.0NRT,294.7,16.9,D
39.769,-121.916,322.1,2.2,1.4,2019-10-18,2040,A,81,6.0NRT,297.3,49.6,D
41.413,-121.526,331,1.9,1.3,2019-10-18,2040,A,77,6.0NRT,287.4,73.2,D
41.422,-121.511,319.7,1.9,1.3,2019-10-18,2040,A,28,6.0NRT,286.1,41.5,D
41.434,-121.515,324.5,1.9,1.3,2019-10-18,2040,A,33,6.0NRT,285.4,52.9,D
44.373,-116.054,310.3,1,1,2019-10-18,2040,A,61,6.0NRT,276.7,14.2,D
43.748,-121.393,312.9,1.6,1.3,2019-10-18,2040,A,65,6.0NRT,281.2,27.1,D
43.759,-121.398,317.9,1.6,1.3,2019-10-18,2040,A,78,6.0NRT,280.3,35.8,D
43.755,-121.417,343.9,1.6,1.3,2019-10-18,2040,A,93,6.0NRT,283.6,105.9,D
44.46,-118.467,313.4,1.2,1.1,2019-10-18,2040,A,74,6.0NRT,274.5,19.9,D
44.458,-118.481,309.7,1.2,1.1,2019-10-18,2040,A,69,6.0NRT,273.9,16.3,D
44.573,-118.884,300,1.2,1.1,2019-10-18,2040,A,0,6.0NRT,272,8.8,D
45.775,-115.981,326,1,1,2019-10-18,2040,A,78,6.0NRT,279.5,26.9,D
45.792,-115.986,317.1,1,1,2019-10-18,2040,A,58,6.0NRT,273.7,19.1,D
49.163,-120.303,375,1.1,1.1,2019-10-18,2045,A,75,6.0NRT,273.3,162.7,D
49.173,-120.305,356.9,1.1,1.1,2019-10-18,2045,A,74,6.0NRT,268.5,94.5,D
49.17,-120.321,328.3,1.1,1.1,2019-10-18,2045,A,81,6.0NRT,270.7,33.3,D
49.195,-120.319,355.4,1.1,1.1,2019-10-18,2045,A,0,6.0NRT,272.1,92.4,D
18.931,-70.353,304.8,1.4,1.2,2019-10-19,0240,T,61,6.0NRT,290.1,10.7,N
31.083,-90.583,300.4,1.2,1.1,2019-10-19,0425,T,28,6.0NRT,285.9,7.8,N
32.153,-101.934,300.9,2.2,1.4,2019-10-19,0425,T,35,6.0NRT,288.9,15.4,N
17.894,-92.49,316,1.1,1,2019-10-19,0420,T,92,6.0NRT,291.3,14.2,N
17.835,-93.124,309.8,1.1,1.1,2019-10-19,0420,T,77,6.0NRT,291.3,9.2,N
17.846,-93.115,306.1,1.1,1.1,2019-10-19,0420,T,30,6.0NRT,291,6,N
17.845,-93.126,316.5,1.1,1.1,2019-10-19,0420,T,93,6.0NRT,291.5,15.1,N
17.891,-93.173,312.6,1.1,1.1,2019-10-19,0420,T,85,6.0NRT,292.5,11,N
17.889,-93.183,322,1.1,1.1,2019-10-19,0420,T,100,6.0NRT,292.6,21.2,N
17.887,-93.194,310.5,1.1,1.1,2019-10-19,0420,T,80,6.0NRT,292.4,9.2,N
17.899,-93.185,329.7,1.1,1.1,2019-10-19,0420,T,100,6.0NRT,293.1,32.2,N
17.909,-93.516,309.9,1.2,1.1,2019-10-19,0420,T,79,6.0NRT,291.8,9.7,N
17.908,-93.527,310.8,1.2,1.1,2019-10-19,0420,T,81,6.0NRT,291.9,10.5,N
19.438,-92.037,305.5,1,1,2019-10-19,0420,T,32,6.0NRT,291.1,3.4,N
19.566,-92.233,306.6,1,1,2019-10-19,0420,T,47,6.0NRT,287.7,5,N
19.564,-92.242,309.8,1,1,2019-10-19,0420,T,68,6.0NRT,287.5,7.2,N
32.587,-98.922,309.1,1.2,1.1,2019-10-19,0840,A,76,6.0NRT,290.4,11.4,N
32.585,-98.91,320.6,1.2,1.1,2019-10-19,0840,A,100,6.0NRT,291.5,23.3,N
32.578,-98.924,306,1.2,1.1,2019-10-19,0840,A,40,6.0NRT,290.1,8.5,N
32.576,-98.912,318.6,1.2,1.1,2019-10-19,0840,A,97,6.0NRT,290.8,20.8,N
32.574,-98.919,304.2,1.2,1.1,2019-10-19,0840,A,59,6.0NRT,290.3,8.5,N
31.508,-102.638,302.7,1,1,2019-10-19,0840,A,51,6.0NRT,284.7,8.2,N
26.886,-101.449,307.8,1.1,1,2019-10-19,0845,A,72,6.0NRT,290.2,9.5,N
49.91,-81.782,339.9,1.1,1,2019-10-19,1625,T,92,6.0NRT,277.5,52.7,D
49.908,-81.767,318.3,1.1,1,2019-10-19,1625,T,78,6.0NRT,276.6,21.9,D
49.901,-81.785,346.4,1.1,1,2019-10-19,1625,T,94,6.0NRT,276.2,64.8,D
49.899,-81.77,334.8,1.1,1,2019-10-19,1625,T,89,6.0NRT,275.8,42.7,D
42.2,-72.519,306.7,2.4,1.5,2019-10-19,1625,T,64,6.0NRT,288.5,28.5,D
42.192,-72.528,309.1,2.4,1.5,2019-10-19,1625,T,64,6.0NRT,289.1,34.9,D
43.259,-79.808,305.7,1,1,2019-10-19,1625,T,47,6.0NRT,290.7,6.1,D
42.9,-81.12,324.8,1,1,2019-10-19,1625,T,72,6.0NRT,287.1,22.7,D
42.898,-81.108,328.7,1,1,2019-10-19,1625,T,75,6.0NRT,287.2,27.3,D
39.599,-87.802,306.4,1.4,1.2,2019-10-19,1625,T,59,6.0NRT,294.3,6.8,D
39.588,-87.804,307.7,1.4,1.2,2019-10-19,1625,T,60,6.0NRT,294,8.6,D
37.854,-87.499,317.5,1.3,1.1,2019-10-19,1625,T,76,6.0NRT,294.4,17.4,D
37.948,-89.163,304.8,1.6,1.3,2019-10-19,1625,T,42,6.0NRT,291.3,6.5,D
36.288,-92.036,305,2.3,1.5,2019-10-19,1625,T,59,6.0NRT,289.4,20.6,D
34.856,-92.724,338.6,2.5,1.5,2019-10-19,1625,T,91,6.0NRT,290.4,154.7,D
34.854,-92.697,323.4,2.5,1.5,2019-10-19,1625,T,82,6.0NRT,289.8,78.7,D
34.703,-92.891,305.3,2.5,1.5,2019-10-19,1625,T,57,6.0NRT,288.6,23.2,D
34.7,-92.864,311.7,2.5,1.5,2019-10-19,1625,T,70,6.0NRT,289.3,39.5,D
34.588,-91.775,306.3,2.1,1.4,2019-10-19,1625,T,52,6.0NRT,291.4,15.5,D
34.587,-91.759,306.4,2.1,1.4,2019-10-19,1625,T,49,6.0NRT,292.3,14.2,D
33.702,-96.005,307.4,4,1.9,2019-10-19,1630,T,58,6.0NRT,293.9,29.5,D
32.958,-88.818,304,1.3,1.1,2019-10-19,1630,T,32,6.0NRT,286.4,6.1,D
32.525,-89.225,314.8,1.4,1.2,2019-10-19,1630,T,74,6.0NRT,289.9,17.1,D
32.524,-89.211,326.1,1.4,1.2,2019-10-19,1630,T,84,6.0NRT,289.9,34.9,D
30.522,-89.459,331,1.4,1.2,2019-10-19,1630,T,86,6.0NRT,293.3,41.1,D
30.516,-89.467,320,1.4,1.2,2019-10-19,1630,T,78,6.0NRT,292.5,23.6,D
30.514,-89.453,316.6,1.4,1.2,2019-10-19,1630,T,74,6.0NRT,292.3,18.2,D
30.565,-94.767,335.1,3.1,1.7,2019-10-19,1630,T,88,6.0NRT,292.6,166,D
30.55,-94.768,309.6,3.1,1.7,2019-10-19,1630,T,53,6.0NRT,292.1,31,D
30.566,-94.772,332.7,3.1,1.7,2019-10-19,1630,T,87,6.0NRT,292.6,151.1,D
30.551,-94.774,313.8,3.1,1.7,2019-10-19,1630,T,69,6.0NRT,292.2,50.2,D
30.21,-91.01,317,1.7,1.3,2019-10-19,1630,T,64,6.0NRT,297.2,22.3,D
30.182,-91.084,318.6,1.7,1.3,2019-10-19,1630,T,76,6.0NRT,296,27.1,D
29.978,-92.191,309.4,2,1.4,2019-10-19,1630,T,59,6.0NRT,295.6,14,D
29.844,-90.996,318.9,1.7,1.3,2019-10-19,1630,T,75,6.0NRT,298,24.8,D
29.842,-90.979,309.8,1.6,1.3,2019-10-19,1630,T,59,6.0NRT,296.4,8.8,D
29.86,-91.609,312.9,1.8,1.3,2019-10-19,1630,T,67,6.0NRT,297.1,17,D
29.833,-91.463,307.9,1.8,1.3,2019-10-19,1630,T,54,6.0NRT,295.7,9.9,D
29.838,-91.469,310.6,1.8,1.3,2019-10-19,1630,T,61,6.0NRT,296.3,13.2,D
29.682,-90.447,307.2,1.5,1.2,2019-10-19,1630,T,51,6.0NRT,295.8,7.3,D
21.464,-87.834,312.4,1,1,2019-10-19,1630,T,58,6.0NRT,292,6.7,D
19.568,-92.236,326.2,1.5,1.2,2019-10-19,1630,T,79,6.0NRT,293.3,35.2,D
19.441,-92.04,310.9,1.4,1.2,2019-10-19,1630,T,44,6.0NRT,293.1,9.8,D
19.392,-92.039,318.6,1.4,1.2,2019-10-19,1630,T,70,6.0NRT,293.4,20.1,D
19.296,-92.167,334.2,1.4,1.2,2019-10-19,1630,T,86,6.0NRT,293.7,51.3,D
19.294,-92.154,310.1,1.4,1.2,2019-10-19,1630,T,29,6.0NRT,293.3,9.3,D
18.205,-94.002,309.2,1.9,1.3,2019-10-19,1630,T,37,6.0NRT,289.1,11.2,D
49.211,-101.966,307.7,1.1,1,2019-10-19,1800,T,66,6.0NRT,283.8,9.7,D
48.253,-105.305,302.6,1,1,2019-10-19,1800,T,53,6.0NRT,287.4,5.8,D
38.109,-107.603,306.2,1,1,2019-10-19,1805,T,42,6.0NRT,288.8,8.9,D
36.696,-105.898,330.8,1.1,1,2019-10-19,1805,T,87,6.0NRT,294.3,31.2,D
36.691,-105.906,312.8,1.1,1,2019-10-19,1805,T,73,6.0NRT,294.3,9.5,D
36.689,-105.894,316.1,1.1,1.1,2019-10-19,1805,T,76,6.0NRT,292.5,12.6,D
32.994,-98.303,311.8,3.7,1.8,2019-10-19,1805,T,58,6.0NRT,298.1,40.2,D
32.979,-98.309,334.9,3.7,1.8,2019-10-19,1805,T,87,6.0NRT,298.1,202.7,D
32.969,-98.27,314,3.7,1.8,2019-10-19,1805,T,64,6.0NRT,297.2,49.5,D
32.987,-98.313,330.2,3.7,1.8,2019-10-19,1805,T,84,6.0NRT,298.5,163.1,D
32.978,-98.275,321.9,3.7,1.8,2019-10-19,1805,T,76,6.0NRT,297.7,100.6,D
32.578,-98.915,316.3,3.4,1.7,2019-10-19,1805,T,67,6.0NRT,297,65.1,D
34.282,-110.302,317.7,1,1,2019-10-19,1805,T,55,6.0NRT,294.2,11.1,D
34.083,-110.062,310.2,1,1,2019-10-19,1805,T,64,6.0NRT,294.2,7.4,D
34.081,-110.051,308.6,1,1,2019-10-19,1805,T,60,6.0NRT,294.7,6.2,D
32.817,-106.107,327.4,1.2,1.1,2019-10-19,1805,T,81,6.0NRT,304.1,21.6,D
32.807,-106.109,318.7,1.2,1.1,2019-10-19,1805,T,71,6.0NRT,304.5,9.4,D
33.419,-110.861,319.4,1,1,2019-10-19,1805,T,66,6.0NRT,306.2,8.5,D
32.173,-115.113,335.4,1.6,1.3,2019-10-19,1805,T,83,6.0NRT,309.4,49.3,D
32.162,-115.115,321.7,1.6,1.3,2019-10-19,1805,T,57,6.0NRT,310.1,14.1,D
18.205,-70.554,315.3,1,1,2019-10-19,1800,A,63,6.0NRT,299.8,8.8,D
18.927,-70.349,321.7,1,1,2019-10-19,1800,A,77,6.0NRT,299.4,12.1,D
18.925,-70.358,330,1,1,2019-10-19,1800,A,84,6.0NRT,299.6,21.6,D
18.989,-70.492,328.7,1,1,2019-10-19,1800,A,83,6.0NRT,294.9,24.1,D
18.988,-70.501,309.9,1,1,2019-10-19,1800,A,51,6.0NRT,294.4,5.7,D
19.017,-70.429,317,1,1,2019-10-19,1800,A,54,6.0NRT,298.3,8.5,D
19.165,-70.235,322.5,1,1,2019-10-19,1800,A,77,6.0NRT,299.8,9.5,D
19.163,-70.244,324.2,1,1,2019-10-19,1800,A,78,6.0NRT,299.4,11.9,D
19.155,-70.301,320.1,1,1,2019-10-19,1800,A,74,6.0NRT,299.9,7.7,D
19.401,-71.365,313.3,1.1,1,2019-10-19,1800,A,57,6.0NRT,296.6,7.4,D
19.572,-71.093,323.1,1.1,1,2019-10-19,1800,A,75,6.0NRT,301.5,12.8,D
19.605,-71.059,316.9,1.1,1,2019-10-19,1800,A,66,6.0NRT,300.2,6.8,D
19.687,-71.549,320.5,1.1,1,2019-10-19,1800,A,64,6.0NRT,299.8,9,D
19.706,-71.489,322.5,1.1,1,2019-10-19,1800,A,74,6.0NRT,299.2,11.8,D
27.971,-107.596,305.5,1.2,1.1,2019-10-19,1810,T,15,6.0NRT,294.1,4.8,D
26.821,-107.072,307.6,1.4,1.2,2019-10-19,1810,T,43,6.0NRT,297.1,6.9,D
37.866,-85.766,302.5,3.4,1.7,2019-10-19,1805,A,50,6.0NRT,292.4,23.4,D
37.857,-85.803,328.8,3.5,1.8,2019-10-19,1805,A,86,6.0NRT,293.4,161.5,D
37.861,-85.768,307.4,3.4,1.7,2019-10-19,1805,A,64,6.0NRT,292.3,40.8,D
37.851,-85.804,326.5,3.5,1.8,2019-10-19,1805,A,84,6.0NRT,293.2,143.6,D
41.295,-75.757,300.7,1,1,2019-10-19,1805,A,25,6.0NRT,289.2,3.8,D
42.189,-72.516,322,1.2,1.1,2019-10-19,1805,A,81,6.0NRT,290.7,24,D
42.187,-72.53,334.1,1.2,1.1,2019-10-19,1805,A,89,6.0NRT,294,41.7,D
42.086,-78.444,306.9,1.1,1.1,2019-10-19,1805,A,64,6.0NRT,290.9,9.2,D
42.802,-80.104,304.4,1.3,1.1,2019-10-19,1805,A,44,6.0NRT,290.6,8.4,D
42.93,-80.137,357.3,1.3,1.1,2019-10-19,1805,A,93,6.0NRT,288.6,108.5,D
42.928,-80.152,344.4,1.3,1.1,2019-10-19,1805,A,88,6.0NRT,288.7,69.7,D
42.937,-80.155,320.1,1.3,1.1,2019-10-19,1805,A,75,6.0NRT,289.1,24.5,D
43.091,-80.453,301,1.3,1.1,2019-10-19,1805,A,43,6.0NRT,287,6.5,D
43.261,-79.803,302.9,1.2,1.1,2019-10-19,1805,A,39,6.0NRT,291.8,5.3,D
43.258,-79.817,303.3,1.2,1.1,2019-10-19,1805,A,48,6.0NRT,292.2,5.6,D
44.415,-78.886,316.8,1.1,1,2019-10-19,1805,A,73,6.0NRT,286.6,17.9,D
44.413,-78.899,312.4,1.1,1,2019-10-19,1805,A,72,6.0NRT,287.5,13.9,D
44.478,-78.955,303.1,1.1,1,2019-10-19,1805,A,55,6.0NRT,287,6.8,D
47.486,-79.721,306.2,1.1,1,2019-10-19,1810,A,63,6.0NRT,285.2,8.9,D
47.497,-79.711,309.4,1.1,1,2019-10-19,1810,A,42,6.0NRT,284.9,10.3,D
49.466,-80.962,304.9,1.1,1,2019-10-19,1810,A,48,6.0NRT,269.9,10.2,D
49.475,-80.965,313.6,1.1,1,2019-10-19,1810,A,74,6.0NRT,273.3,17.3,D
49.472,-80.98,300.2,1.1,1,2019-10-19,1810,A,25,6.0NRT,272.3,7.6,D
49.522,-81.03,320.3,1.1,1,2019-10-19,1810,A,76,6.0NRT,279.1,23.9,D
49.519,-81.045,327.7,1.1,1,2019-10-19,1810,A,80,6.0NRT,279.3,33.2,D
49.899,-81.773,322.8,1.1,1.1,2019-10-19,1810,A,46,6.0NRT,273.6,23.5,D
49.897,-81.788,327.7,1.1,1.1,2019-10-19,1810,A,36,6.0NRT,280.7,30.1,D
49.906,-81.792,332.5,1.1,1.1,2019-10-19,1810,A,61,6.0NRT,280.2,36.7,D
49.915,-81.796,347.9,1.1,1.1,2019-10-19,1810,A,93,6.0NRT,280.9,67.1,D
39.02,-121.759,315.2,3,1.7,2019-10-19,1945,T,0,6.0NRT,291.7,53.5,D
49.835,-125.57,314.3,1.1,1,2019-10-19,1940,T,61,6.0NRT,277.3,18.4,D
49.826,-125.574,310.4,1.1,1,2019-10-19,1940,T,35,6.0NRT,275.5,14.8,D
17.836,-93.123,339.7,1,1,2019-10-19,1940,A,89,6.0NRT,299,35.4,D
17.892,-93.18,333,1,1,2019-10-19,1940,A,84,6.0NRT,299.5,23.8,D
17.891,-93.19,325.2,1,1,2019-10-19,1940,A,77,6.0NRT,300.3,14.1,D
17.903,-93.179,319.8,1,1,2019-10-19,1940,A,70,6.0NRT,299.2,9.5,D
17.901,-93.188,326.6,1,1,2019-10-19,1940,A,79,6.0NRT,299.4,16.8,D
17.985,-93.313,316.8,1,1,2019-10-19,1940,A,65,6.0NRT,296.3,7.4,D
18.027,-93.928,319.4,1,1,2019-10-19,1940,A,70,6.0NRT,298.8,9.7,D
18.28,-92.233,320.1,1.1,1,2019-10-19,1940,A,30,6.0NRT,300.2,9.6,D
18.092,-94.049,316.4,1,1,2019-10-19,1940,A,65,6.0NRT,299.2,6.9,D
18.589,-92.324,322,1.1,1,2019-10-19,1940,A,75,6.0NRT,295,14.4,D
18.587,-92.334,325.8,1.1,1,2019-10-19,1940,A,79,6.0NRT,295.2,18.8,D
18.637,-92.175,315.6,1.1,1,2019-10-19,1940,A,64,6.0NRT,296.3,7.9,D
19.388,-92.048,310.7,1.1,1.1,2019-10-19,1940,A,42,6.0NRT,292.7,7.5,D
19.432,-92.039,313,1.1,1.1,2019-10-19,1940,A,57,6.0NRT,292.9,9.4,D
19.566,-92.237,329,1.1,1.1,2019-10-19,1940,A,82,6.0NRT,293.1,27.9,D
19.565,-92.248,313.4,1.1,1.1,2019-10-19,1940,A,58,6.0NRT,292.8,9.7,D
18.539,-101.303,311.7,2.4,1.5,2019-10-19,1940,A,41,6.0NRT,286.4,20.8,D
18.535,-101.326,311.9,2.4,1.5,2019-10-19,1940,A,55,6.0NRT,286.9,22,D
25.193,-99.696,316.6,1.4,1.2,2019-10-19,1940,A,34,6.0NRT,301.9,6.7,D
26.598,-98.675,325.7,1.2,1.1,2019-10-19,1940,A,63,6.0NRT,307.8,10.3,D
26.608,-98.677,326.2,1.2,1.1,2019-10-19,1940,A,61,6.0NRT,306.8,11.3,D
29.734,-90.796,316.6,1.8,1.3,2019-10-19,1940,A,71,6.0NRT,298.5,20.3,D
29.776,-90.857,315.6,1.8,1.3,2019-10-19,1940,A,52,6.0NRT,301,16,D
29.841,-90.871,328.7,1.8,1.3,2019-10-19,1940,A,83,6.0NRT,300.5,50,D
29.879,-90.969,315.3,1.8,1.3,2019-10-19,1940,A,64,6.0NRT,300.6,16.8,D
29.972,-90.839,309.7,1.8,1.3,2019-10-19,1940,A,39,6.0NRT,298.2,10.6,D
29.97,-90.857,326.1,1.8,1.3,2019-10-19,1940,A,81,6.0NRT,300,47.1,D
29.989,-90.784,321.2,1.8,1.3,2019-10-19,1940,A,58,6.0NRT,299,32.4,D
29.897,-91.774,319.1,1.6,1.2,2019-10-19,1940,A,74,6.0NRT,298.8,20.7,D
29.977,-90.845,311.4,1.8,1.3,2019-10-19,1940,A,37,6.0NRT,298.4,11.5,D
29.976,-90.864,313.2,1.8,1.3,2019-10-19,1940,A,55,6.0NRT,299.3,16.1,D
29.899,-91.763,314.7,1.6,1.2,2019-10-19,1940,A,67,6.0NRT,298.5,14.1,D
29.897,-91.779,312.3,1.6,1.2,2019-10-19,1940,A,62,6.0NRT,298.6,10.4,D
30.022,-91,313.7,1.8,1.3,2019-10-19,1940,A,54,6.0NRT,298.8,15.5,D
30.032,-91.02,328.9,1.8,1.3,2019-10-19,1940,A,83,6.0NRT,300,48.4,D
30.081,-91.088,315.5,1.7,1.3,2019-10-19,1940,A,69,6.0NRT,299.2,18.4,D
30.136,-90.891,317.8,1.8,1.3,2019-10-19,1940,A,63,6.0NRT,299.7,26.2,D
30.143,-91.059,315.8,1.8,1.3,2019-10-19,1940,A,61,6.0NRT,299.1,17.9,D
30.142,-91.186,311.9,1.7,1.3,2019-10-19,1940,A,35,6.0NRT,298.4,10.5,D
30.14,-91.204,312,1.7,1.3,2019-10-19,1940,A,30,6.0NRT,297.2,11.9,D
30.149,-91.193,313.7,1.7,1.3,2019-10-19,1940,A,65,6.0NRT,298,15.4,D
30.063,-92.15,322,1.5,1.2,2019-10-19,1940,A,77,6.0NRT,298.8,25,D
30.195,-91.09,313.2,1.8,1.3,2019-10-19,1940,A,0,6.0NRT,297.9,14.1,D
30.205,-91.218,316.4,1.7,1.3,2019-10-19,1940,A,70,6.0NRT,297.7,21.3,D
30.218,-91.191,320.4,1.7,1.3,2019-10-19,1940,A,71,6.0NRT,299.2,26.3,D
30.303,-91.274,317.5,1.7,1.3,2019-10-19,1940,A,72,6.0NRT,299.6,20.8,D
30.3,-91.279,317.5,1.7,1.3,2019-10-19,1940,A,59,6.0NRT,300.4,20.1,D
30.471,-90.624,309.9,1.9,1.3,2019-10-19,1940,A,57,6.0NRT,296.9,13.5,D
30.42,-91.461,312.2,1.7,1.3,2019-10-19,1940,A,63,6.0NRT,298,13.7,D
30.418,-91.478,311.4,1.7,1.3,2019-10-19,1940,A,61,6.0NRT,298.3,12,D
30.472,-91.291,326.2,1.7,1.3,2019-10-19,1940,A,81,6.0NRT,298.7,42.1,D
30.462,-91.501,320.9,1.7,1.3,2019-10-19,1940,A,76,6.0NRT,297.3,27.7,D
30.46,-91.518,316.8,1.7,1.3,2019-10-19,1940,A,71,6.0NRT,297.4,19.9,D
30.459,-91.506,326.1,1.7,1.3,2019-10-19,1940,A,72,6.0NRT,297.3,37.1,D
30.576,-91.381,315.3,1.7,1.3,2019-10-19,1940,A,68,6.0NRT,297.4,17.1,D
30.574,-91.399,315.8,1.7,1.3,2019-10-19,1940,A,70,6.0NRT,297.6,17.7,D
30.574,-91.388,322.3,1.7,1.3,2019-10-19,1940,A,78,6.0NRT,297.9,32.9,D
30.656,-91.382,316,1.7,1.3,2019-10-19,1940,A,63,6.0NRT,297.9,19,D
30.654,-91.399,314.5,1.7,1.3,2019-10-19,1940,A,60,6.0NRT,297.7,16.7,D
30.642,-91.521,311.7,1.7,1.3,2019-10-19,1940,A,62,6.0NRT,298.3,14.1,D
30.664,-91.388,320.8,1.7,1.3,2019-10-19,1940,A,74,6.0NRT,298.2,27.4,D
30.719,-91.641,316.6,1.6,1.3,2019-10-19,1940,A,71,6.0NRT,297.3,19.1,D
30.719,-91.648,316.7,1.6,1.3,2019-10-19,1940,A,72,6.0NRT,297.4,19.1,D
30.773,-92.126,323,1.5,1.2,2019-10-19,1940,A,79,6.0NRT,299.4,28.9,D
30.847,-91.722,315.3,1.6,1.3,2019-10-19,1940,A,70,6.0NRT,298.5,15.5,D
30.974,-91.006,307.7,1.8,1.3,2019-10-19,1940,A,52,6.0NRT,296.4,10.8,D
30.919,-92.138,321.4,1.5,1.2,2019-10-19,1940,A,77,6.0NRT,301.2,24,D
30.917,-92.153,332.7,1.5,1.2,2019-10-19,1940,A,86,6.0NRT,300.9,48.5,D
30.786,-93.765,317.6,1.2,1.1,2019-10-19,1940,A,72,6.0NRT,296.1,13.6,D
30.785,-93.778,328.4,1.2,1.1,2019-10-19,1940,A,83,6.0NRT,297.6,29,D
30.795,-93.78,322.7,1.2,1.1,2019-10-19,1940,A,78,6.0NRT,296.2,20.6,D
30.977,-92.232,313.2,1.5,1.2,2019-10-19,1940,A,54,6.0NRT,298.6,10.1,D
31.035,-92.342,313.2,1.5,1.2,2019-10-19,1940,A,58,6.0NRT,299,9.4,D
31.046,-92.344,315.6,1.5,1.2,2019-10-19,1940,A,70,6.0NRT,298.5,13.6,D
30.892,-94.071,320.7,1.2,1.1,2019-10-19,1940,A,76,6.0NRT,295.2,18,D
30.79,-95.384,314.9,1.1,1,2019-10-19,1940,A,62,6.0NRT,299.1,7.8,D
30.788,-95.395,311,1.1,1,2019-10-19,1940,A,45,6.0NRT,298.1,4.5,D
32.009,-91.129,320.6,1.8,1.3,2019-10-19,1940,A,54,6.0NRT,295.2,36.3,D
32.489,-93.984,323,1.3,1.1,2019-10-19,1940,A,79,6.0NRT,294.9,22.5,D
32.499,-93.986,323.4,1.3,1.1,2019-10-19,1940,A,79,6.0NRT,294,22.5,D
32.498,-93.999,326.5,1.3,1.1,2019-10-19,1940,A,82,6.0NRT,294.3,27,D
31.31,-103.292,319.9,1.8,1.3,2019-10-19,1940,A,61,6.0NRT,308.6,12.7,D
31.306,-103.31,342.5,1.8,1.3,2019-10-19,1940,A,90,6.0NRT,309.1,82.8,D
31.317,-103.299,331.4,1.8,1.3,2019-10-19,1940,A,81,6.0NRT,308.8,42.6,D
31.313,-103.317,330.6,1.8,1.3,2019-10-19,1940,A,80,6.0NRT,309.2,40,D
33.188,-91.655,310.3,1.8,1.3,2019-10-19,1940,A,62,6.0NRT,294.3,15.6,D
33.183,-91.66,314.6,1.8,1.3,2019-10-19,1940,A,70,6.0NRT,295.3,24.3,D
32.574,-98.92,324.4,1,1,2019-10-19,1940,A,77,6.0NRT,304.4,16,D
32.972,-98.305,346.2,1,1,2019-10-19,1940,A,93,6.0NRT,305.3,47.6,D
32.97,-98.315,314.8,1,1,2019-10-19,1940,A,23,6.0NRT,303.1,5.6,D
32.981,-98.307,330.6,1,1,2019-10-19,1940,A,82,6.0NRT,306.4,22.1,D
34.052,-91.356,329.7,1.9,1.3,2019-10-19,1940,A,85,6.0NRT,299.8,58.9,D
33.808,-94.785,312.5,1.2,1.1,2019-10-19,1940,A,62,6.0NRT,295.7,8.4,D
33.807,-94.798,315.9,1.2,1.1,2019-10-19,1940,A,69,6.0NRT,298.3,11.5,D
33.697,-95.992,319.5,1.1,1,2019-10-19,1940,A,71,6.0NRT,302.4,10.9,D
33.696,-96.004,328.7,1.1,1,2019-10-19,1940,A,82,6.0NRT,301.5,21.7,D
33.596,-96.759,315.7,1,1,2019-10-19,1940,A,59,6.0NRT,302.6,5.2,D
33.806,-95.64,319,1.1,1,2019-10-19,1940,A,63,6.0NRT,297,15.9,D
34.401,-90.881,317.7,2.1,1.4,2019-10-19,1940,A,74,6.0NRT,298.2,24.3,D
34.448,-91.721,312.7,1.8,1.3,2019-10-19,1945,A,49,6.0NRT,296,15.3,D
34.52,-92.068,308.5,1.7,1.3,2019-10-19,1945,A,52,6.0NRT,293.6,8,D
34.518,-92.087,309.9,1.7,1.3,2019-10-19,1945,A,54,6.0NRT,294.7,11.2,D
34.595,-91.768,318.3,1.8,1.3,2019-10-19,1945,A,71,6.0NRT,294.5,29.9,D
34.593,-91.788,314.6,1.8,1.3,2019-10-19,1945,A,71,6.0NRT,294.5,21.9,D
34.735,-91.557,310.1,1.9,1.3,2019-10-19,1945,A,55,6.0NRT,293.4,11.6,D
34.832,-90.853,312.3,2.1,1.4,2019-10-19,1945,A,66,6.0NRT,298.6,18,D
34.83,-90.875,314.2,2.1,1.4,2019-10-19,1945,A,70,6.0NRT,299.5,21.2,D
34.75,-91.92,315.5,1.8,1.3,2019-10-19,1945,A,0,6.0NRT,295.5,19.3,D
34.85,-90.946,312.8,2.1,1.4,2019-10-19,1945,A,68,6.0NRT,299.3,18.5,D
34.702,-92.878,344.4,1.5,1.2,2019-10-19,1945,A,93,6.0NRT,294,91.7,D
34.7,-92.895,327.5,1.5,1.2,2019-10-19,1945,A,83,6.0NRT,293,43,D
34.704,-92.868,305.4,1.6,1.2,2019-10-19,1945,A,29,6.0NRT,291.6,7,D
34.702,-92.884,350.1,1.5,1.2,2019-10-19,1945,A,96,6.0NRT,294.6,113.6,D
34.701,-92.901,307.4,1.5,1.2,2019-10-19,1945,A,53,6.0NRT,292.2,9.1,D
34.857,-92.706,304.5,1.6,1.2,2019-10-19,1945,A,40,6.0NRT,291.8,8.4,D
34.855,-92.723,318.6,1.6,1.2,2019-10-19,1945,A,76,6.0NRT,292.4,29.2,D
32.81,-106.094,323,2.5,1.5,2019-10-19,1945,A,71,6.0NRT,305.9,37.4,D
32.805,-106.12,318.1,2.5,1.5,2019-10-19,1945,A,41,6.0NRT,305.7,18.8,D
32.817,-106.101,324.4,2.5,1.5,2019-10-19,1945,A,77,6.0NRT,304.8,45.8,D
35.39,-90.981,324.1,2.1,1.4,2019-10-19,1945,A,81,6.0NRT,299.3,44.5,D
35.057,-96.263,307.2,1.1,1,2019-10-19,1945,A,49,6.0NRT,296,4.3,D
37.165,-95.387,305.7,1.2,1.1,2019-10-19,1945,A,48,6.0NRT,294,4.7,D
37.167,-95.379,306.7,1.2,1.1,2019-10-19,1945,A,55,6.0NRT,294.3,5.6,D
37.802,-96.698,312.8,1.1,1,2019-10-19,1945,A,68,6.0NRT,294.9,10.2,D
37.801,-96.71,316.8,1.1,1,2019-10-19,1945,A,74,6.0NRT,294.9,14.1,D
37.894,-97.127,317.7,1.1,1,2019-10-19,1945,A,74,6.0NRT,298.5,12.4,D
37.893,-97.139,309.8,1.1,1,2019-10-19,1945,A,61,6.0NRT,297.8,5.6,D
36.687,-105.895,325.5,2,1.4,2019-10-19,1945,A,83,6.0NRT,295.1,55,D
36.683,-105.916,313.9,2,1.4,2019-10-19,1945,A,71,6.0NRT,296.3,25.7,D
36.691,-105.903,334.3,2,1.4,2019-10-19,1945,A,88,6.0NRT,295.2,85.3,D
38.439,-105.976,301.9,1.8,1.3,2019-10-19,1945,A,39,6.0NRT,279.9,15.8,D
44.378,-103.459,302.9,1.1,1,2019-10-19,1945,A,54,6.0NRT,289,6.1,D
49.205,-101.974,300.5,1,1,2019-10-19,1945,A,38,6.0NRT,285.6,5,D
34.276,-110.316,325.9,4.6,2,2019-10-19,2120,A,62,6.0NRT,293.8,178.1,D
34.294,-110.316,318.5,4.6,2,2019-10-19,2120,A,51,6.0NRT,293.7,113.7,D
34.275,-110.321,326.8,4.6,2,2019-10-19,2120,A,78,6.0NRT,294,196.7,D
34.293,-110.321,321.8,4.6,2,2019-10-19,2120,A,72,6.0NRT,293.9,153.3,D
35.239,-118.768,325.7,1.3,1.2,2019-10-19,2120,A,76,6.0NRT,302.1,25.5,D
36.517,-119.622,316.5,1.3,1.1,2019-10-19,2120,A,70,6.0NRT,298.7,11.8,D
36.518,-119.614,313.9,1.3,1.1,2019-10-19,2120,A,51,6.0NRT,298.5,8.4,D
36.555,-119.463,317.2,1.3,1.1,2019-10-19,2120,A,71,6.0NRT,297.7,14.4,D
36.607,-119.369,318.6,1.3,1.1,2019-10-19,2120,A,73,6.0NRT,298.6,16.2,D
36.605,-119.383,323.4,1.3,1.1,2019-10-19,2120,A,78,6.0NRT,298.8,22.8,D
36.679,-119.445,313.7,1.3,1.1,2019-10-19,2120,A,65,6.0NRT,299.9,9.3,D
36.686,-119.649,311.2,1.3,1.1,2019-10-19,2120,A,58,6.0NRT,299.1,6.2,D
36.75,-119.99,308.2,1.2,1.1,2019-10-19,2120,A,40,6.0NRT,296.1,4.4,D
36.751,-119.982,311.2,1.2,1.1,2019-10-19,2120,A,59,6.0NRT,296.4,7.3,D
37.308,-120.434,311.5,1.2,1.1,2019-10-19,2120,A,58,6.0NRT,297.7,5.8,D
38.132,-122.511,301,1,1,2019-10-19,2125,A,31,6.0NRT,281.5,3.9,D
38.935,-121.905,310,1.1,1,2019-10-19,2125,A,60,6.0NRT,278.1,11.2,D
39.185,-122.265,313.7,1.1,1,2019-10-19,2125,A,74,6.0NRT,287.8,12,D
39.312,-122.134,307.2,1.1,1,2019-10-19,2125,A,61,6.0NRT,286.2,5.2,D
39.31,-122.147,308.7,1.1,1,2019-10-19,2125,A,67,6.0NRT,287.9,6.3,D
49.194,-124.523,333.4,1.1,1.1,2019-10-19,2125,A,74,6.0NRT,277.6,43.3,D
49.293,-124.537,325.9,1.1,1.1,2019-10-19,2125,A,69,6.0NRT,278.2,31.1,D
49.291,-124.553,319.1,1.1,1.1,2019-10-19,2125,A,71,6.0NRT,278.7,22.9,D
49.303,-124.54,345.1,1.1,1.1,2019-10-19,2125,A,87,6.0NRT,280.4,63.6,D
49.301,-124.555,330.6,1.1,1.1,2019-10-19,2125,A,79,6.0NRT,278.3,36.3,D
49.683,-125.364,311.7,1.1,1,2019-10-19,2125,A,41,6.0NRT,276,16.8,D
49.832,-125.572,317.5,1.1,1,2019-10-19,2125,A,53,6.0NRT,279.2,19.5,D
49.83,-125.586,318.9,1.1,1,2019-10-19,2125,A,38,6.0NRT,278.6,20.4,D
49.848,-125.566,315,1.1,1,2019-10-19,2125,A,59,6.0NRT,279.3,18,D
18.923,-70.361,300.7,2.2,1.4,2019-10-20,0325,T,22,6.0NRT,286.6,12.4,N
20.514,-76.643,301.9,1,1,2019-10-20,0325,T,45,6.0NRT,290.5,3.8,N
25.425,-79.21,306.1,1,1,2019-10-20,0325,T,41,6.0NRT,294.8,3.5,N
26.612,-78.379,316,1,1,2019-10-20,0325,T,90,6.0NRT,288,13.3,N
34.282,-110.331,312,1.4,1.2,2019-10-20,0510,T,67,6.0NRT,280.4,22.7,N
34.293,-110.334,311.1,1.4,1.2,2019-10-20,0510,T,52,6.0NRT,280.1,21.4,N
19.562,-92.23,306.7,3.7,1.8,2019-10-20,0505,T,48,6.0NRT,287.5,34.5,N
25.601,-100.924,302.8,1.1,1.1,2019-10-20,0505,T,52,6.0NRT,289.9,7.4,N
26.881,-101.415,312.7,1.1,1.1,2019-10-20,0505,T,86,6.0NRT,294.3,12.6,N
26.886,-101.45,323.8,1.1,1.1,2019-10-20,0505,T,100,6.0NRT,294.3,24.1,N
26.884,-101.461,312,1.1,1.1,2019-10-20,0505,T,84,6.0NRT,293.9,11.9,N
18.931,-70.355,302.7,1.4,1.2,2019-10-20,0610,A,51,6.0NRT,287.7,7.4,N
30.941,-88.01,300.1,1,1,2019-10-20,0745,A,19,6.0NRT,289.4,5,N
19.57,-92.242,312.2,1,1,2019-10-20,0750,A,78,6.0NRT,292.9,7.9,N
19.568,-92.233,328.7,1,1,2019-10-20,0750,A,100,6.0NRT,293,24.8,N
19.302,-92.165,306.2,1,1,2019-10-20,0750,A,37,6.0NRT,293.2,3.8,N
19.293,-92.166,306.5,1,1,2019-10-20,0750,A,46,6.0NRT,293.3,3.7,N
33.415,-110.856,307.4,1,1,2019-10-20,0925,A,71,6.0NRT,283,12.1,N
19.579,-71.098,317.2,1.2,1.1,2019-10-20,1535,T,65,6.0NRT,299.1,9.8,D
19.577,-71.087,319.4,1.2,1.1,2019-10-20,1535,T,69,6.0NRT,300,12.6,D
19.577,-71.093,325.1,1.2,1.1,2019-10-20,1535,T,70,6.0NRT,300.4,18.1,D
20.012,-75.833,316.6,1.1,1,2019-10-20,1535,T,37,6.0NRT,302.5,8.2,D
18.929,-70.349,318.1,1.4,1.2,2019-10-20,1535,T,70,6.0NRT,295.3,17.4,D
18.858,-70.41,321.6,1.4,1.2,2019-10-20,1535,T,77,6.0NRT,296.3,20.9,D
18.848,-70.412,319.5,1.4,1.2,2019-10-20,1535,T,73,6.0NRT,295.3,18.2,D
